path,label
../data\potholes\109.jpg,1
../data\normal\37.jpg,0
../data\normal\137.jpg,0
../data\potholes\294.jpg,1
../data\normal\312.jpg,0
../data\normal\190.jpg,0
../data\normal\2.jpg,0
../data\potholes\290.jpg,1
../data\normal\313.jpg,0
../data\normal\94.jpg,0
../data\potholes\197.jpg,1
../data\normal\153.jpg,0
../data\normal\307.jpg,0
../data\normal\210.jpg,0
../data\normal\25.jpg,0
../data\normal\39.jpg,0
../data\potholes\221.jpg,1
../data\potholes\174.jpg,1
../data\normal\180.jpg,0
../data\normal\229.jpg,0
../data\potholes\234.jpg,1
../data\normal\221.jpg,0
../data\normal\172.jpg,0
../data\potholes\12.jpg,1
../data\potholes\49.jpg,1
../data\potholes\153.jpg,1
../data\normal\257.jpg,0
../data\potholes\115.jpg,1
../data\potholes\223.jpg,1
../data\normal\85.jpg,0
../data\normal\127.jpg,0
../data\potholes\123.jpg,1
../data\potholes\286.jpg,1
../data\potholes\250.jpg,1
../data\normal\217.jpg,0
../data\normal\279.jpg,0
../data\normal\83.jpg,0
../data\potholes\289.jpg,1
../data\normal\211.jpg,0
../data\normal\17.jpg,0
../data\potholes\283.jpg,1
../data\normal\267.jpg,0
../data\potholes\284.jpg,1
../data\potholes\180.jpg,1
../data\normal\140.jpg,0
../data\normal\65.jpg,0
../data\potholes\324.jpg,1
../data\potholes\89.jpg,1
../data\normal\66.jpg,0
../data\potholes\48.jpg,1
../data\normal\197.jpg,0
../data\normal\20.jpg,0
../data\potholes\205.jpg,1
../data\potholes\62.jpg,1
../data\potholes\326.jpg,1
../data\normal\78.jpg,0
../data\normal\321.jpg,0
../data\potholes\9.jpg,1
../data\potholes\261.jpg,1
../data\potholes\23.jpg,1
../data\potholes\66.jpg,1
../data\normal\339.jpg,0
../data\potholes\26.jpg,1
../data\potholes\300.jpg,1
../data\normal\282.jpg,0
../data\normal\203.jpg,0
../data\normal\103.jpg,0
../data\potholes\105.jpg,1
../data\normal\100.jpg,0
../data\normal\215.jpg,0
../data\normal\84.jpg,0
../data\potholes\315.jpg,1
../data\normal\29.jpg,0
../data\normal\329.jpg,0
../data\potholes\106.jpg,1
../data\normal\241.jpg,0
../data\normal\166.jpg,0
../data\potholes\192.jpg,1
../data\potholes\245.jpg,1
../data\potholes\165.jpg,1
../data\normal\173.jpg,0
../data\normal\273.jpg,0
../data\potholes\248.jpg,1
../data\normal\125.jpg,0
../data\normal\196.jpg,0
../data\potholes\215.jpg,1
../data\potholes\111.jpg,1
../data\normal\340.jpg,0
../data\normal\91.jpg,0
../data\normal\352.jpg,0
../data\normal\60.jpg,0
../data\potholes\55.jpg,1
../data\normal\33.jpg,0
../data\normal\50.jpg,0
../data\potholes\157.jpg,1
../data\normal\184.jpg,0
../data\potholes\200.jpg,1
../data\normal\187.jpg,0
../data\normal\36.jpg,0
../data\normal\104.jpg,0
../data\potholes\15.jpg,1
../data\potholes\54.jpg,1
../data\potholes\327.jpg,1
../data\normal\26.jpg,0
../data\potholes\34.jpg,1
../data\normal\170.jpg,0
../data\normal\23.jpg,0
../data\normal\47.jpg,0
../data\normal\115.jpg,0
../data\potholes\302.jpg,1
../data\potholes\64.jpg,1
../data\normal\335.jpg,0
../data\normal\18.jpg,0
../data\potholes\37.jpg,1
../data\potholes\76.jpg,1
../data\potholes\287.jpg,1
../data\potholes\121.jpg,1
../data\potholes\79.jpg,1
../data\potholes\169.jpg,1
../data\normal\139.jpg,0
../data\potholes\184.jpg,1
../data\normal\43.jpg,0
../data\potholes\325.jpg,1
../data\potholes\139.jpg,1
../data\normal\237.jpg,0
../data\potholes\67.jpg,1
../data\normal\44.jpg,0
../data\potholes\52.jpg,1
../data\potholes\92.jpg,1
../data\normal\250.jpg,0
../data\normal\265.jpg,0
../data\potholes\73.jpg,1
../data\normal\323.jpg,0
../data\normal\108.jpg,0
../data\potholes\24.jpg,1
../data\normal\230.jpg,0
../data\normal\232.jpg,0
../data\potholes\219.jpg,1
../data\potholes\124.jpg,1
../data\normal\38.jpg,0
../data\potholes\209.jpg,1
../data\normal\81.jpg,0
../data\potholes\65.jpg,1
../data\potholes\316.jpg,1
../data\normal\168.jpg,0
../data\potholes\246.jpg,1
../data\potholes\88.jpg,1
../data\normal\327.jpg,0
../data\normal\165.jpg,0
../data\potholes\29.jpg,1
../data\potholes\137.jpg,1
../data\potholes\274.jpg,1
../data\potholes\11.jpg,1
../data\normal\200.jpg,0
../data\normal\159.jpg,0
../data\potholes\40.jpg,1
../data\normal\246.jpg,0
../data\normal\254.jpg,0
../data\potholes\186.jpg,1
../data\potholes\281.jpg,1
../data\potholes\280.jpg,1
../data\normal\281.jpg,0
../data\normal\82.jpg,0
../data\potholes\17.jpg,1
../data\normal\298.jpg,0
../data\potholes\96.jpg,1
../data\normal\21.jpg,0
../data\normal\161.jpg,0
../data\normal\315.jpg,0
../data\normal\51.jpg,0
../data\potholes\163.jpg,1
../data\potholes\97.jpg,1
../data\potholes\259.jpg,1
../data\potholes\10.jpg,1
../data\normal\40.jpg,0
../data\normal\73.jpg,0
../data\normal\320.jpg,0
../data\potholes\151.jpg,1
../data\normal\328.jpg,0
../data\normal\133.jpg,0
../data\potholes\310.jpg,1
../data\potholes\143.jpg,1
../data\potholes\8.jpg,1
../data\normal\167.jpg,0
../data\normal\351.jpg,0
../data\potholes\243.jpg,1
../data\normal\177.jpg,0
../data\potholes\135.jpg,1
../data\normal\218.jpg,0
../data\normal\95.jpg,0
../data\normal\258.jpg,0
../data\potholes\132.jpg,1
../data\normal\15.jpg,0
../data\normal\236.jpg,0
../data\normal\61.jpg,0
../data\normal\182.jpg,0
../data\normal\76.jpg,0
../data\potholes\218.jpg,1
../data\potholes\305.jpg,1
../data\normal\309.jpg,0
../data\normal\252.jpg,0
../data\normal\206.jpg,0
../data\normal\68.jpg,0
../data\potholes\172.jpg,1
../data\potholes\20.jpg,1
../data\potholes\83.jpg,1
../data\potholes\309.jpg,1
../data\potholes\158.jpg,1
../data\normal\222.jpg,0
../data\potholes\201.jpg,1
../data\normal\130.jpg,0
../data\potholes\103.jpg,1
../data\normal\262.jpg,0
../data\normal\45.jpg,0
../data\potholes\213.jpg,1
../data\normal\207.jpg,0
../data\normal\287.jpg,0
../data\normal\1.jpg,0
../data\normal\204.jpg,0
../data\normal\102.jpg,0
../data\potholes\127.jpg,1
../data\potholes\322.jpg,1
../data\normal\77.jpg,0
../data\normal\49.jpg,0
../data\potholes\317.jpg,1
../data\normal\53.jpg,0
../data\normal\124.jpg,0
../data\potholes\303.jpg,1
../data\potholes\7.jpg,1
../data\potholes\22.jpg,1
../data\normal\234.jpg,0
../data\potholes\134.jpg,1
../data\normal\32.jpg,0
../data\potholes\279.jpg,1
../data\normal\14.jpg,0
../data\normal\98.jpg,0
../data\normal\308.jpg,0
../data\normal\277.jpg,0
../data\normal\164.jpg,0
../data\normal\132.jpg,0
../data\potholes\72.jpg,1
../data\normal\7.jpg,0
../data\normal\248.jpg,0
../data\normal\202.jpg,0
../data\potholes\2.jpg,1
../data\normal\314.jpg,0
../data\normal\239.jpg,0
../data\potholes\264.jpg,1
../data\potholes\75.jpg,1
../data\normal\338.jpg,0
../data\normal\213.jpg,0
../data\normal\31.jpg,0
../data\normal\160.jpg,0
../data\normal\87.jpg,0
../data\normal\289.jpg,0
../data\potholes\100.jpg,1
../data\potholes\154.jpg,1
../data\potholes\308.jpg,1
../data\potholes\43.jpg,1
../data\potholes\25.jpg,1
../data\normal\278.jpg,0
../data\normal\201.jpg,0
../data\potholes\171.jpg,1
../data\potholes\131.jpg,1
../data\potholes\41.jpg,1
../data\potholes\253.jpg,1
../data\potholes\255.jpg,1
../data\potholes\198.jpg,1
../data\normal\185.jpg,0
../data\potholes\142.jpg,1
../data\potholes\36.jpg,1
../data\normal\305.jpg,0
../data\potholes\120.jpg,1
../data\normal\240.jpg,0
../data\normal\263.jpg,0
../data\potholes\301.jpg,1
../data\normal\158.jpg,0
../data\normal\300.jpg,0
../data\potholes\285.jpg,1
../data\normal\41.jpg,0
../data\potholes\50.jpg,1
../data\normal\55.jpg,0
../data\normal\283.jpg,0
../data\potholes\231.jpg,1
../data\potholes\117.jpg,1
../data\potholes\13.jpg,1
../data\potholes\57.jpg,1
../data\potholes\112.jpg,1
../data\potholes\329.jpg,1
../data\normal\205.jpg,0
../data\normal\145.jpg,0
../data\potholes\187.jpg,1
../data\potholes\239.jpg,1
../data\normal\122.jpg,0
../data\potholes\216.jpg,1
../data\normal\149.jpg,0
../data\normal\134.jpg,0
../data\normal\238.jpg,0
../data\potholes\108.jpg,1
../data\potholes\258.jpg,1
../data\normal\162.jpg,0
../data\potholes\232.jpg,1
../data\normal\107.jpg,0
../data\normal\266.jpg,0
../data\potholes\168.jpg,1
../data\potholes\86.jpg,1
../data\normal\112.jpg,0
../data\potholes\113.jpg,1
../data\potholes\256.jpg,1
../data\normal\74.jpg,0
../data\potholes\74.jpg,1
../data\normal\344.jpg,0
../data\potholes\278.jpg,1
../data\potholes\30.jpg,1
../data\potholes\70.jpg,1
../data\normal\121.jpg,0
../data\potholes\199.jpg,1
../data\normal\88.jpg,0
../data\potholes\149.jpg,1
../data\normal\225.jpg,0
../data\normal\59.jpg,0
../data\potholes\242.jpg,1
../data\normal\176.jpg,0
../data\normal\264.jpg,0
../data\normal\9.jpg,0
../data\potholes\99.jpg,1
../data\potholes\224.jpg,1
../data\normal\89.jpg,0
../data\potholes\272.jpg,1
../data\normal\11.jpg,0
../data\potholes\182.jpg,1
../data\potholes\56.jpg,1
../data\normal\297.jpg,0
../data\normal\288.jpg,0
../data\normal\136.jpg,0
../data\potholes\136.jpg,1
../data\potholes\270.jpg,1
../data\potholes\178.jpg,1
../data\normal\150.jpg,0
../data\potholes\195.jpg,1
../data\normal\67.jpg,0
../data\normal\334.jpg,0
../data\potholes\101.jpg,1
../data\potholes\164.jpg,1
../data\potholes\98.jpg,1
../data\normal\152.jpg,0
../data\normal\30.jpg,0
../data\normal\274.jpg,0
../data\normal\114.jpg,0
../data\normal\16.jpg,0
../data\potholes\93.jpg,1
../data\normal\343.jpg,0
../data\potholes\202.jpg,1
../data\potholes\170.jpg,1
../data\normal\156.jpg,0
../data\potholes\90.jpg,1
../data\potholes\291.jpg,1
../data\normal\69.jpg,0
../data\normal\12.jpg,0
../data\potholes\159.jpg,1
../data\normal\347.jpg,0
../data\normal\226.jpg,0
../data\normal\35.jpg,0
../data\normal\346.jpg,0
../data\normal\224.jpg,0
../data\potholes\193.jpg,1
../data\potholes\14.jpg,1
../data\potholes\267.jpg,1
../data\potholes\166.jpg,1
../data\normal\231.jpg,0
../data\potholes\249.jpg,1
../data\potholes\241.jpg,1
../data\potholes\220.jpg,1
../data\normal\247.jpg,0
../data\normal\255.jpg,0
../data\potholes\314.jpg,1
../data\potholes\138.jpg,1
../data\normal\63.jpg,0
../data\potholes\244.jpg,1
../data\normal\116.jpg,0
../data\potholes\268.jpg,1
../data\normal\183.jpg,0
../data\potholes\173.jpg,1
../data\normal\34.jpg,0
../data\potholes\263.jpg,1
../data\potholes\321.jpg,1
../data\potholes\162.jpg,1
../data\potholes\33.jpg,1
../data\potholes\247.jpg,1
../data\potholes\78.jpg,1
../data\potholes\252.jpg,1
../data\potholes\306.jpg,1
../data\potholes\110.jpg,1
../data\normal\303.jpg,0
../data\potholes\288.jpg,1
../data\normal\275.jpg,0
../data\normal\48.jpg,0
../data\normal\113.jpg,0
../data\normal\169.jpg,0
../data\potholes\277.jpg,1
../data\potholes\235.jpg,1
../data\normal\42.jpg,0
../data\normal\219.jpg,0
../data\potholes\273.jpg,1
../data\potholes\45.jpg,1
../data\normal\193.jpg,0
../data\potholes\31.jpg,1
../data\potholes\71.jpg,1
../data\potholes\51.jpg,1
../data\normal\227.jpg,0
../data\potholes\145.jpg,1
../data\normal\285.jpg,0
../data\normal\198.jpg,0
../data\potholes\217.jpg,1
../data\potholes\6.jpg,1
../data\potholes\32.jpg,1
../data\potholes\225.jpg,1
../data\normal\331.jpg,0
../data\normal\5.jpg,0
../data\potholes\118.jpg,1
../data\normal\209.jpg,0
../data\normal\126.jpg,0
../data\normal\260.jpg,0
../data\normal\120.jpg,0
../data\potholes\207.jpg,1
../data\normal\119.jpg,0
../data\potholes\307.jpg,1
../data\potholes\262.jpg,1
../data\potholes\47.jpg,1
../data\normal\319.jpg,0
../data\normal\109.jpg,0
../data\normal\75.jpg,0
../data\normal\304.jpg,0
../data\potholes\190.jpg,1
../data\normal\105.jpg,0
../data\normal\349.jpg,0
../data\normal\186.jpg,0
../data\normal\175.jpg,0
../data\normal\174.jpg,0
../data\normal\62.jpg,0
../data\normal\101.jpg,0
../data\normal\276.jpg,0
../data\potholes\18.jpg,1
../data\potholes\16.jpg,1
../data\potholes\122.jpg,1
../data\normal\259.jpg,0
../data\potholes\328.jpg,1
../data\normal\56.jpg,0
../data\normal\212.jpg,0
../data\potholes\177.jpg,1
../data\potholes\125.jpg,1
../data\potholes\58.jpg,1
../data\normal\324.jpg,0
../data\normal\3.jpg,0
../data\normal\261.jpg,0
../data\potholes\188.jpg,1
../data\potholes\296.jpg,1
../data\potholes\28.jpg,1
../data\potholes\238.jpg,1
../data\potholes\161.jpg,1
../data\normal\242.jpg,0
../data\normal\129.jpg,0
../data\potholes\298.jpg,1
../data\potholes\126.jpg,1
../data\potholes\293.jpg,1
../data\normal\301.jpg,0
../data\normal\92.jpg,0
../data\normal\299.jpg,0
../data\normal\228.jpg,0
../data\normal\322.jpg,0
../data\potholes\114.jpg,1
../data\potholes\156.jpg,1
../data\normal\317.jpg,0
../data\normal\199.jpg,0
../data\potholes\104.jpg,1
../data\potholes\148.jpg,1
